전환트리거,트리거_설명,카테고리,task명,최종점수,제안_헤드라인
고정비,경력직 고정비 부담,글로벌,인플루언서 발굴 및 1차 컨택하기,5,"당신 회사가 채용공백, 고정비 부담, 피크 시즌, 혹은 글로벌 인플루언서 네트워킹 스킬 부족 상황이라면, 인플루언서 발굴 및 1차 컨택은 표준화된 프로세스와 실행력 덕분에 외주가 합리적입니다."
고정비,경력직 고정비 부담,브랜드_PR,시장 및 트렌드 분석하기,4,"당신 회사가 채용공백, 고정비, 피크, 스킬부족 상황이라면, 시장 및 트렌드 분석은 빠르고 객관적 데이터 확보와 리소스 효율화를 위해 외주가 합리적입니다."
고정비,경력직 고정비 부담,콘텐츠,광고 콘텐츠 업로드 및 리뷰 확인,4,"당신 회사가 채용 공백, 비용 부담, 업무량 피크, 또는 광고 플랫폼 스킬 부족 상황이라면, 광고 콘텐츠 업로드 및 리뷰 확인 업무는 계정·보안만 관리된다면 외주로 효율적 분산이 가능합니다."
고정비,경력직 고정비 부담,기획_전략,성공적인 광고 소재 제작 및 리사이징,4,"당신 회사가 피크 시즌이나 스킬부족 이슈라면, 광고 소재 디자인 및 리사이징은 빠른 물량 소화와 변동비 최적화, 전문 디자인 역량 확보 측면에서 외주가 합리적입니다."
고정비,경력직 고정비 부담,글로벌,이커머스 채널 상품 등록 및 운영하기,4,"당신 회사가 채용공백·고정비·피크·스킬부족 상황이라면, 글로벌 이커머스 채널 상품 등록 및 운영은 반복형 태스크의 외주화로 빠른 시장 진입과 리소스 절감이 동시에 가능합니다."
고정비,경력직 고정비 부담,채널운영,디지털 광고 집행,4,"당신 회사가 채용공백, 고정비 부담, 마케팅 피크, 혹은 내부 스킬부족 상황이라면, 디지털 광고 집행은 전문 외주 활용이 효율적이므로 합리적입니다."
고정비,경력직 고정비 부담,채널운영,재고 관리 및 발주 업무,4,"당신 회사가 채용공백·고정비·피크·스킬부족 상황이라면, 재고 관리 및 발주 업무는 반복적이고 표준화된 task이므로 외주가 합리적입니다."
고정비,경력직 고정비 부담,CRM,성과 데이터 분석 및 보고하기,4,"당신 회사가 채용공백 또는 스킬부족 상황이라면, 성과 데이터 분석 및 보고 Task는 반복적이고 정량화 가능한 업무 특성상 외주가 합리적입니다."
고정비,경력직 고정비 부담,CRM,주요 채널별 광고 캠페인 집행 및 최적화하기,4,"당신 회사가 채용공백이거나 피크 시즌이라면, 주요 채널별 광고 캠페인 집행 및 최적화는 즉시성과 확보와 고정비 부담을 줄이기 위해 외주가 합리적입니다."
고정비,경력직 고정비 부담,CRM,주간/정기 성과 리포트 작성하기,4,"당신 회사가 채용공백·고정비 부담·업무 피크나 내부 스킬부족 상황이라면, 주간/정기 CRM 성과 리포트 작성은 반복성·정형 데이터 작업 특성상 외주가 비용 효율적입니다."
고정비,경력직 고정비 부담,브랜드_PR,광고 매체 데이터 관리하기,3,"당신 회사가 채용공백·고정비 부담·시즌 피크·스킬부족 트리거 상황이라면, 광고 매체 데이터 관리는 반복성과 표준화가 높아 외주화로 리소스 효율화가 가능합니다."
고정비,경력직 고정비 부담,콘텐츠,숏폼 콘텐츠 기획 및 제작,3,"당신 회사가 [채용공백/고정비/피크/스킬부족] 상황이라면, 숏폼 콘텐츠 기획 및 제작은 빠른 트렌드 반영·비용 효율·다양한 연출력을 확보할 수 있어 외주가 합리적입니다."
고정비,경력직 고정비 부담,콘텐츠,인플루언서 발굴 및 리스트업 및 커뮤니케이션 진행,3,"당신 회사가 [채용공백, 고정비, 피크, 스킬부족] 상황이라면, 인플루언서 리스트업 및 커뮤니케이션 대행은 반복적 수작업과 플랫폼별 데이터 수집·1차 커뮤니케이션은 외주로 빠르게 해결 가능하므로 합리적입니다."
고정비,경력직 고정비 부담,콘텐츠,마케팅 자료 및 리포트 작성,3,"당신 회사가 채용공백, 고정비 부담, 피크 대응, 또는 내부 스킬 부족 상황이라면, 마케팅 자료 및 리포트 작성 Task는 신속한 데이터 정리와 외부 시선 인사이트를 단기적으로 확보할 수 있어 외주가 합리적입니다."
고정비,경력직 고정비 부담,퍼포먼스,디지털 광고 플랫폼 세팅 및 운영하기,3,"당신 회사가 피크, 스킬부족, 채용공백, 고정비 상황이라면, 디지털 광고 플랫폼 세팅 및 운영은 표준화된 작업 프로세스와 대행 경험이 풍부한 외부 전문가 활용이 합리적입니다."
고정비,경력직 고정비 부담,퍼포먼스,각종 지표 관리 및 성과 분석하기,3,"당신 회사가 채용공백·고정비·피크·스킬부족 상황이라면, 각종 지표 관리 및 성과 분석 외주는 반복적 작업과 표준화된 데이터 처리에 최적화되어 있기 때문에 합리적입니다."
고정비,경력직 고정비 부담,기획_전략,인플루언서 후보 리스트업 및 협업 커뮤니케이션 진행,3,"당신 회사가 스킬부족, 채용공백, 피크, 고정비 상황이라면, 인플루언서 후보 리스트업 및 협업 커뮤니케이션 Task는 빠른 실행·리소스 절감·시즌성 대응력 확보 측면에서 외주가 합리적입니다."
고정비,경력직 고정비 부담,글로벌,시장 조사 및 경쟁사 콘텐츠 확인하기,3,"당신 회사가 '스킬부족'이나 '고정비' 부담 상황이라면, '시장 조사 및 경쟁사 콘텐츠 확인'은 전문 프리랜서의 해외 데이터 탐색 역량과 단기 프로젝트로 외주가 합리적입니다."
고정비,경력직 고정비 부담,글로벌,광고 소재 제작 및 업로드하기,3,"당신 회사가 채용공백, 고정비 부담, 피크 시즌 급증 또는 내부 스킬이 부족하다면, 광고 소재 제작 및 업로드 업무는 결과물 단위 계약이 명확해 외주가 합리적입니다."
고정비,경력직 고정비 부담,글로벌,인플루언서와의 커뮤니케이션 관리하기,3,"당신 회사가 [채용공백·고정비·피크·스킬부족]이라면, [인플루언서와의 커뮤니케이션 관리]는 [세분화/템플릿화된 과정이 많고 타임라인 관리가 주요한 반복성 업무이기 때문에] 외주가 합리적입니다."
고정비,경력직 고정비 부담,글로벌,캠페인 성과 모니터링 및 리포트 작성하기,3,"당신 회사가 채용공백·고정비·피크·스킬부족 상황이라면, 캠페인 성과 모니터링 및 리포트 작성은 데이터 접근 권한만 명확하다면 표준화된 외주로 효율 커버가 합리적입니다."
고정비,경력직 고정비 부담,글로벌,트렌드 및 경쟁 분석 진행하기,3,"당신 회사가 스킬부족·채용공백 상황이라면, 글로벌 트렌드 및 경쟁 분석은 전문 데이터 접근·트랙킹 역량이 외주에서 더 효율적으로 확보되기에 합리적입니다."
고정비,경력직 고정비 부담,채널운영,소셜 미디어 콘텐츠 업로드 및 운영,3,"당신 회사가 채용공백·고정비 이슈에 고민 중이라면, 소셜 미디어 콘텐츠 업로드 및 운영은 표준화된 프로세스와 도구로 외주화가 쉽기에 비용·운영 리스크를 낮출 수 있습니다."
스킬부족,전문 스킬 내부 확보 불가,글로벌,인플루언서 발굴 및 1차 컨택하기,5,"당신 회사가 채용공백, 고정비 부담, 피크 시즌, 혹은 글로벌 인플루언서 네트워킹 스킬 부족 상황이라면, 인플루언서 발굴 및 1차 컨택은 표준화된 프로세스와 실행력 덕분에 외주가 합리적입니다."
스킬부족,전문 스킬 내부 확보 불가,브랜드_PR,시장 및 트렌드 분석하기,4,"당신 회사가 채용공백, 고정비, 피크, 스킬부족 상황이라면, 시장 및 트렌드 분석은 빠르고 객관적 데이터 확보와 리소스 효율화를 위해 외주가 합리적입니다."
스킬부족,전문 스킬 내부 확보 불가,콘텐츠,광고 콘텐츠 업로드 및 리뷰 확인,4,"당신 회사가 채용 공백, 비용 부담, 업무량 피크, 또는 광고 플랫폼 스킬 부족 상황이라면, 광고 콘텐츠 업로드 및 리뷰 확인 업무는 계정·보안만 관리된다면 외주로 효율적 분산이 가능합니다."
스킬부족,전문 스킬 내부 확보 불가,기획_전략,성공적인 광고 소재 제작 및 리사이징,4,"당신 회사가 피크 시즌이나 스킬부족 이슈라면, 광고 소재 디자인 및 리사이징은 빠른 물량 소화와 변동비 최적화, 전문 디자인 역량 확보 측면에서 외주가 합리적입니다."
스킬부족,전문 스킬 내부 확보 불가,글로벌,이커머스 채널 상품 등록 및 운영하기,4,"당신 회사가 채용공백·고정비·피크·스킬부족 상황이라면, 글로벌 이커머스 채널 상품 등록 및 운영은 반복형 태스크의 외주화로 빠른 시장 진입과 리소스 절감이 동시에 가능합니다."
스킬부족,전문 스킬 내부 확보 불가,채널운영,디지털 광고 집행,4,"당신 회사가 채용공백, 고정비 부담, 마케팅 피크, 혹은 내부 스킬부족 상황이라면, 디지털 광고 집행은 전문 외주 활용이 효율적이므로 합리적입니다."
스킬부족,전문 스킬 내부 확보 불가,채널운영,재고 관리 및 발주 업무,4,"당신 회사가 채용공백·고정비·피크·스킬부족 상황이라면, 재고 관리 및 발주 업무는 반복적이고 표준화된 task이므로 외주가 합리적입니다."
스킬부족,전문 스킬 내부 확보 불가,CRM,성과 데이터 분석 및 보고하기,4,"당신 회사가 채용공백 또는 스킬부족 상황이라면, 성과 데이터 분석 및 보고 Task는 반복적이고 정량화 가능한 업무 특성상 외주가 합리적입니다."
스킬부족,전문 스킬 내부 확보 불가,CRM,주요 채널별 광고 캠페인 집행 및 최적화하기,4,"당신 회사가 채용공백이거나 피크 시즌이라면, 주요 채널별 광고 캠페인 집행 및 최적화는 즉시성과 확보와 고정비 부담을 줄이기 위해 외주가 합리적입니다."
스킬부족,전문 스킬 내부 확보 불가,CRM,주간/정기 성과 리포트 작성하기,4,"당신 회사가 채용공백·고정비 부담·업무 피크나 내부 스킬부족 상황이라면, 주간/정기 CRM 성과 리포트 작성은 반복성·정형 데이터 작업 특성상 외주가 비용 효율적입니다."
스킬부족,전문 스킬 내부 확보 불가,브랜드_PR,광고 매체 데이터 관리하기,3,"당신 회사가 채용공백·고정비 부담·시즌 피크·스킬부족 트리거 상황이라면, 광고 매체 데이터 관리는 반복성과 표준화가 높아 외주화로 리소스 효율화가 가능합니다."
스킬부족,전문 스킬 내부 확보 불가,콘텐츠,숏폼 콘텐츠 기획 및 제작,3,"당신 회사가 [채용공백/고정비/피크/스킬부족] 상황이라면, 숏폼 콘텐츠 기획 및 제작은 빠른 트렌드 반영·비용 효율·다양한 연출력을 확보할 수 있어 외주가 합리적입니다."
스킬부족,전문 스킬 내부 확보 불가,콘텐츠,인플루언서 발굴 및 리스트업 및 커뮤니케이션 진행,3,"당신 회사가 [채용공백, 고정비, 피크, 스킬부족] 상황이라면, 인플루언서 리스트업 및 커뮤니케이션 대행은 반복적 수작업과 플랫폼별 데이터 수집·1차 커뮤니케이션은 외주로 빠르게 해결 가능하므로 합리적입니다."
스킬부족,전문 스킬 내부 확보 불가,콘텐츠,마케팅 자료 및 리포트 작성,3,"당신 회사가 채용공백, 고정비 부담, 피크 대응, 또는 내부 스킬 부족 상황이라면, 마케팅 자료 및 리포트 작성 Task는 신속한 데이터 정리와 외부 시선 인사이트를 단기적으로 확보할 수 있어 외주가 합리적입니다."
스킬부족,전문 스킬 내부 확보 불가,퍼포먼스,디지털 광고 플랫폼 세팅 및 운영하기,3,"당신 회사가 피크, 스킬부족, 채용공백, 고정비 상황이라면, 디지털 광고 플랫폼 세팅 및 운영은 표준화된 작업 프로세스와 대행 경험이 풍부한 외부 전문가 활용이 합리적입니다."
스킬부족,전문 스킬 내부 확보 불가,퍼포먼스,각종 지표 관리 및 성과 분석하기,3,"당신 회사가 채용공백·고정비·피크·스킬부족 상황이라면, 각종 지표 관리 및 성과 분석 외주는 반복적 작업과 표준화된 데이터 처리에 최적화되어 있기 때문에 합리적입니다."
스킬부족,전문 스킬 내부 확보 불가,기획_전략,인플루언서 후보 리스트업 및 협업 커뮤니케이션 진행,3,"당신 회사가 스킬부족, 채용공백, 피크, 고정비 상황이라면, 인플루언서 후보 리스트업 및 협업 커뮤니케이션 Task는 빠른 실행·리소스 절감·시즌성 대응력 확보 측면에서 외주가 합리적입니다."
스킬부족,전문 스킬 내부 확보 불가,글로벌,시장 조사 및 경쟁사 콘텐츠 확인하기,3,"당신 회사가 '스킬부족'이나 '고정비' 부담 상황이라면, '시장 조사 및 경쟁사 콘텐츠 확인'은 전문 프리랜서의 해외 데이터 탐색 역량과 단기 프로젝트로 외주가 합리적입니다."
스킬부족,전문 스킬 내부 확보 불가,글로벌,광고 소재 제작 및 업로드하기,3,"당신 회사가 채용공백, 고정비 부담, 피크 시즌 급증 또는 내부 스킬이 부족하다면, 광고 소재 제작 및 업로드 업무는 결과물 단위 계약이 명확해 외주가 합리적입니다."
스킬부족,전문 스킬 내부 확보 불가,글로벌,인플루언서와의 커뮤니케이션 관리하기,3,"당신 회사가 [채용공백·고정비·피크·스킬부족]이라면, [인플루언서와의 커뮤니케이션 관리]는 [세분화/템플릿화된 과정이 많고 타임라인 관리가 주요한 반복성 업무이기 때문에] 외주가 합리적입니다."
스킬부족,전문 스킬 내부 확보 불가,글로벌,캠페인 성과 모니터링 및 리포트 작성하기,3,"당신 회사가 채용공백·고정비·피크·스킬부족 상황이라면, 캠페인 성과 모니터링 및 리포트 작성은 데이터 접근 권한만 명확하다면 표준화된 외주로 효율 커버가 합리적입니다."
스킬부족,전문 스킬 내부 확보 불가,글로벌,트렌드 및 경쟁 분석 진행하기,3,"당신 회사가 스킬부족·채용공백 상황이라면, 글로벌 트렌드 및 경쟁 분석은 전문 데이터 접근·트랙킹 역량이 외주에서 더 효율적으로 확보되기에 합리적입니다."
스킬부족,전문 스킬 내부 확보 불가,채널운영,소셜 미디어 콘텐츠 업로드 및 운영,3,"당신 회사가 채용공백·고정비 이슈에 고민 중이라면, 소셜 미디어 콘텐츠 업로드 및 운영은 표준화된 프로세스와 도구로 외주화가 쉽기에 비용·운영 리스크를 낮출 수 있습니다."
채용공백,채용 공백 3개월+,글로벌,인플루언서 발굴 및 1차 컨택하기,5,"당신 회사가 채용공백, 고정비 부담, 피크 시즌, 혹은 글로벌 인플루언서 네트워킹 스킬 부족 상황이라면, 인플루언서 발굴 및 1차 컨택은 표준화된 프로세스와 실행력 덕분에 외주가 합리적입니다."
채용공백,채용 공백 3개월+,브랜드_PR,시장 및 트렌드 분석하기,4,"당신 회사가 채용공백, 고정비, 피크, 스킬부족 상황이라면, 시장 및 트렌드 분석은 빠르고 객관적 데이터 확보와 리소스 효율화를 위해 외주가 합리적입니다."
채용공백,채용 공백 3개월+,콘텐츠,광고 콘텐츠 업로드 및 리뷰 확인,4,"당신 회사가 채용 공백, 비용 부담, 업무량 피크, 또는 광고 플랫폼 스킬 부족 상황이라면, 광고 콘텐츠 업로드 및 리뷰 확인 업무는 계정·보안만 관리된다면 외주로 효율적 분산이 가능합니다."
채용공백,채용 공백 3개월+,기획_전략,성공적인 광고 소재 제작 및 리사이징,4,"당신 회사가 피크 시즌이나 스킬부족 이슈라면, 광고 소재 디자인 및 리사이징은 빠른 물량 소화와 변동비 최적화, 전문 디자인 역량 확보 측면에서 외주가 합리적입니다."
채용공백,채용 공백 3개월+,글로벌,이커머스 채널 상품 등록 및 운영하기,4,"당신 회사가 채용공백·고정비·피크·스킬부족 상황이라면, 글로벌 이커머스 채널 상품 등록 및 운영은 반복형 태스크의 외주화로 빠른 시장 진입과 리소스 절감이 동시에 가능합니다."
채용공백,채용 공백 3개월+,채널운영,디지털 광고 집행,4,"당신 회사가 채용공백, 고정비 부담, 마케팅 피크, 혹은 내부 스킬부족 상황이라면, 디지털 광고 집행은 전문 외주 활용이 효율적이므로 합리적입니다."
채용공백,채용 공백 3개월+,채널운영,재고 관리 및 발주 업무,4,"당신 회사가 채용공백·고정비·피크·스킬부족 상황이라면, 재고 관리 및 발주 업무는 반복적이고 표준화된 task이므로 외주가 합리적입니다."
채용공백,채용 공백 3개월+,CRM,성과 데이터 분석 및 보고하기,4,"당신 회사가 채용공백 또는 스킬부족 상황이라면, 성과 데이터 분석 및 보고 Task는 반복적이고 정량화 가능한 업무 특성상 외주가 합리적입니다."
채용공백,채용 공백 3개월+,CRM,주요 채널별 광고 캠페인 집행 및 최적화하기,4,"당신 회사가 채용공백이거나 피크 시즌이라면, 주요 채널별 광고 캠페인 집행 및 최적화는 즉시성과 확보와 고정비 부담을 줄이기 위해 외주가 합리적입니다."
채용공백,채용 공백 3개월+,CRM,주간/정기 성과 리포트 작성하기,4,"당신 회사가 채용공백·고정비 부담·업무 피크나 내부 스킬부족 상황이라면, 주간/정기 CRM 성과 리포트 작성은 반복성·정형 데이터 작업 특성상 외주가 비용 효율적입니다."
채용공백,채용 공백 3개월+,브랜드_PR,광고 매체 데이터 관리하기,3,"당신 회사가 채용공백·고정비 부담·시즌 피크·스킬부족 트리거 상황이라면, 광고 매체 데이터 관리는 반복성과 표준화가 높아 외주화로 리소스 효율화가 가능합니다."
채용공백,채용 공백 3개월+,콘텐츠,숏폼 콘텐츠 기획 및 제작,3,"당신 회사가 [채용공백/고정비/피크/스킬부족] 상황이라면, 숏폼 콘텐츠 기획 및 제작은 빠른 트렌드 반영·비용 효율·다양한 연출력을 확보할 수 있어 외주가 합리적입니다."
채용공백,채용 공백 3개월+,콘텐츠,인플루언서 발굴 및 리스트업 및 커뮤니케이션 진행,3,"당신 회사가 [채용공백, 고정비, 피크, 스킬부족] 상황이라면, 인플루언서 리스트업 및 커뮤니케이션 대행은 반복적 수작업과 플랫폼별 데이터 수집·1차 커뮤니케이션은 외주로 빠르게 해결 가능하므로 합리적입니다."
채용공백,채용 공백 3개월+,콘텐츠,마케팅 자료 및 리포트 작성,3,"당신 회사가 채용공백, 고정비 부담, 피크 대응, 또는 내부 스킬 부족 상황이라면, 마케팅 자료 및 리포트 작성 Task는 신속한 데이터 정리와 외부 시선 인사이트를 단기적으로 확보할 수 있어 외주가 합리적입니다."
채용공백,채용 공백 3개월+,퍼포먼스,디지털 광고 플랫폼 세팅 및 운영하기,3,"당신 회사가 피크, 스킬부족, 채용공백, 고정비 상황이라면, 디지털 광고 플랫폼 세팅 및 운영은 표준화된 작업 프로세스와 대행 경험이 풍부한 외부 전문가 활용이 합리적입니다."
채용공백,채용 공백 3개월+,퍼포먼스,각종 지표 관리 및 성과 분석하기,3,"당신 회사가 채용공백·고정비·피크·스킬부족 상황이라면, 각종 지표 관리 및 성과 분석 외주는 반복적 작업과 표준화된 데이터 처리에 최적화되어 있기 때문에 합리적입니다."
채용공백,채용 공백 3개월+,기획_전략,인플루언서 후보 리스트업 및 협업 커뮤니케이션 진행,3,"당신 회사가 스킬부족, 채용공백, 피크, 고정비 상황이라면, 인플루언서 후보 리스트업 및 협업 커뮤니케이션 Task는 빠른 실행·리소스 절감·시즌성 대응력 확보 측면에서 외주가 합리적입니다."
채용공백,채용 공백 3개월+,글로벌,시장 조사 및 경쟁사 콘텐츠 확인하기,3,"당신 회사가 '스킬부족'이나 '고정비' 부담 상황이라면, '시장 조사 및 경쟁사 콘텐츠 확인'은 전문 프리랜서의 해외 데이터 탐색 역량과 단기 프로젝트로 외주가 합리적입니다."
채용공백,채용 공백 3개월+,글로벌,광고 소재 제작 및 업로드하기,3,"당신 회사가 채용공백, 고정비 부담, 피크 시즌 급증 또는 내부 스킬이 부족하다면, 광고 소재 제작 및 업로드 업무는 결과물 단위 계약이 명확해 외주가 합리적입니다."
채용공백,채용 공백 3개월+,글로벌,인플루언서와의 커뮤니케이션 관리하기,3,"당신 회사가 [채용공백·고정비·피크·스킬부족]이라면, [인플루언서와의 커뮤니케이션 관리]는 [세분화/템플릿화된 과정이 많고 타임라인 관리가 주요한 반복성 업무이기 때문에] 외주가 합리적입니다."
채용공백,채용 공백 3개월+,글로벌,캠페인 성과 모니터링 및 리포트 작성하기,3,"당신 회사가 채용공백·고정비·피크·스킬부족 상황이라면, 캠페인 성과 모니터링 및 리포트 작성은 데이터 접근 권한만 명확하다면 표준화된 외주로 효율 커버가 합리적입니다."
채용공백,채용 공백 3개월+,글로벌,트렌드 및 경쟁 분석 진행하기,3,"당신 회사가 스킬부족·채용공백 상황이라면, 글로벌 트렌드 및 경쟁 분석은 전문 데이터 접근·트랙킹 역량이 외주에서 더 효율적으로 확보되기에 합리적입니다."
채용공백,채용 공백 3개월+,채널운영,소셜 미디어 콘텐츠 업로드 및 운영,3,"당신 회사가 채용공백·고정비 이슈에 고민 중이라면, 소셜 미디어 콘텐츠 업로드 및 운영은 표준화된 프로세스와 도구로 외주화가 쉽기에 비용·운영 리스크를 낮출 수 있습니다."
피크,시즌·캠페인 피크 인력 부족,글로벌,인플루언서 발굴 및 1차 컨택하기,5,"당신 회사가 채용공백, 고정비 부담, 피크 시즌, 혹은 글로벌 인플루언서 네트워킹 스킬 부족 상황이라면, 인플루언서 발굴 및 1차 컨택은 표준화된 프로세스와 실행력 덕분에 외주가 합리적입니다."
피크,시즌·캠페인 피크 인력 부족,브랜드_PR,시장 및 트렌드 분석하기,4,"당신 회사가 채용공백, 고정비, 피크, 스킬부족 상황이라면, 시장 및 트렌드 분석은 빠르고 객관적 데이터 확보와 리소스 효율화를 위해 외주가 합리적입니다."
피크,시즌·캠페인 피크 인력 부족,콘텐츠,광고 콘텐츠 업로드 및 리뷰 확인,4,"당신 회사가 채용 공백, 비용 부담, 업무량 피크, 또는 광고 플랫폼 스킬 부족 상황이라면, 광고 콘텐츠 업로드 및 리뷰 확인 업무는 계정·보안만 관리된다면 외주로 효율적 분산이 가능합니다."
피크,시즌·캠페인 피크 인력 부족,기획_전략,성공적인 광고 소재 제작 및 리사이징,4,"당신 회사가 피크 시즌이나 스킬부족 이슈라면, 광고 소재 디자인 및 리사이징은 빠른 물량 소화와 변동비 최적화, 전문 디자인 역량 확보 측면에서 외주가 합리적입니다."
피크,시즌·캠페인 피크 인력 부족,글로벌,이커머스 채널 상품 등록 및 운영하기,4,"당신 회사가 채용공백·고정비·피크·스킬부족 상황이라면, 글로벌 이커머스 채널 상품 등록 및 운영은 반복형 태스크의 외주화로 빠른 시장 진입과 리소스 절감이 동시에 가능합니다."
피크,시즌·캠페인 피크 인력 부족,채널운영,디지털 광고 집행,4,"당신 회사가 채용공백, 고정비 부담, 마케팅 피크, 혹은 내부 스킬부족 상황이라면, 디지털 광고 집행은 전문 외주 활용이 효율적이므로 합리적입니다."
피크,시즌·캠페인 피크 인력 부족,채널운영,재고 관리 및 발주 업무,4,"당신 회사가 채용공백·고정비·피크·스킬부족 상황이라면, 재고 관리 및 발주 업무는 반복적이고 표준화된 task이므로 외주가 합리적입니다."
피크,시즌·캠페인 피크 인력 부족,CRM,성과 데이터 분석 및 보고하기,4,"당신 회사가 채용공백 또는 스킬부족 상황이라면, 성과 데이터 분석 및 보고 Task는 반복적이고 정량화 가능한 업무 특성상 외주가 합리적입니다."
피크,시즌·캠페인 피크 인력 부족,CRM,주요 채널별 광고 캠페인 집행 및 최적화하기,4,"당신 회사가 채용공백이거나 피크 시즌이라면, 주요 채널별 광고 캠페인 집행 및 최적화는 즉시성과 확보와 고정비 부담을 줄이기 위해 외주가 합리적입니다."
피크,시즌·캠페인 피크 인력 부족,CRM,주간/정기 성과 리포트 작성하기,4,"당신 회사가 채용공백·고정비 부담·업무 피크나 내부 스킬부족 상황이라면, 주간/정기 CRM 성과 리포트 작성은 반복성·정형 데이터 작업 특성상 외주가 비용 효율적입니다."
피크,시즌·캠페인 피크 인력 부족,브랜드_PR,광고 매체 데이터 관리하기,3,"당신 회사가 채용공백·고정비 부담·시즌 피크·스킬부족 트리거 상황이라면, 광고 매체 데이터 관리는 반복성과 표준화가 높아 외주화로 리소스 효율화가 가능합니다."
피크,시즌·캠페인 피크 인력 부족,콘텐츠,숏폼 콘텐츠 기획 및 제작,3,"당신 회사가 [채용공백/고정비/피크/스킬부족] 상황이라면, 숏폼 콘텐츠 기획 및 제작은 빠른 트렌드 반영·비용 효율·다양한 연출력을 확보할 수 있어 외주가 합리적입니다."
피크,시즌·캠페인 피크 인력 부족,콘텐츠,인플루언서 발굴 및 리스트업 및 커뮤니케이션 진행,3,"당신 회사가 [채용공백, 고정비, 피크, 스킬부족] 상황이라면, 인플루언서 리스트업 및 커뮤니케이션 대행은 반복적 수작업과 플랫폼별 데이터 수집·1차 커뮤니케이션은 외주로 빠르게 해결 가능하므로 합리적입니다."
피크,시즌·캠페인 피크 인력 부족,콘텐츠,마케팅 자료 및 리포트 작성,3,"당신 회사가 채용공백, 고정비 부담, 피크 대응, 또는 내부 스킬 부족 상황이라면, 마케팅 자료 및 리포트 작성 Task는 신속한 데이터 정리와 외부 시선 인사이트를 단기적으로 확보할 수 있어 외주가 합리적입니다."
피크,시즌·캠페인 피크 인력 부족,퍼포먼스,디지털 광고 플랫폼 세팅 및 운영하기,3,"당신 회사가 피크, 스킬부족, 채용공백, 고정비 상황이라면, 디지털 광고 플랫폼 세팅 및 운영은 표준화된 작업 프로세스와 대행 경험이 풍부한 외부 전문가 활용이 합리적입니다."
피크,시즌·캠페인 피크 인력 부족,퍼포먼스,각종 지표 관리 및 성과 분석하기,3,"당신 회사가 채용공백·고정비·피크·스킬부족 상황이라면, 각종 지표 관리 및 성과 분석 외주는 반복적 작업과 표준화된 데이터 처리에 최적화되어 있기 때문에 합리적입니다."
피크,시즌·캠페인 피크 인력 부족,기획_전략,인플루언서 후보 리스트업 및 협업 커뮤니케이션 진행,3,"당신 회사가 스킬부족, 채용공백, 피크, 고정비 상황이라면, 인플루언서 후보 리스트업 및 협업 커뮤니케이션 Task는 빠른 실행·리소스 절감·시즌성 대응력 확보 측면에서 외주가 합리적입니다."
피크,시즌·캠페인 피크 인력 부족,글로벌,시장 조사 및 경쟁사 콘텐츠 확인하기,3,"당신 회사가 '스킬부족'이나 '고정비' 부담 상황이라면, '시장 조사 및 경쟁사 콘텐츠 확인'은 전문 프리랜서의 해외 데이터 탐색 역량과 단기 프로젝트로 외주가 합리적입니다."
피크,시즌·캠페인 피크 인력 부족,글로벌,광고 소재 제작 및 업로드하기,3,"당신 회사가 채용공백, 고정비 부담, 피크 시즌 급증 또는 내부 스킬이 부족하다면, 광고 소재 제작 및 업로드 업무는 결과물 단위 계약이 명확해 외주가 합리적입니다."
피크,시즌·캠페인 피크 인력 부족,글로벌,인플루언서와의 커뮤니케이션 관리하기,3,"당신 회사가 [채용공백·고정비·피크·스킬부족]이라면, [인플루언서와의 커뮤니케이션 관리]는 [세분화/템플릿화된 과정이 많고 타임라인 관리가 주요한 반복성 업무이기 때문에] 외주가 합리적입니다."
피크,시즌·캠페인 피크 인력 부족,글로벌,캠페인 성과 모니터링 및 리포트 작성하기,3,"당신 회사가 채용공백·고정비·피크·스킬부족 상황이라면, 캠페인 성과 모니터링 및 리포트 작성은 데이터 접근 권한만 명확하다면 표준화된 외주로 효율 커버가 합리적입니다."
피크,시즌·캠페인 피크 인력 부족,글로벌,트렌드 및 경쟁 분석 진행하기,3,"당신 회사가 스킬부족·채용공백 상황이라면, 글로벌 트렌드 및 경쟁 분석은 전문 데이터 접근·트랙킹 역량이 외주에서 더 효율적으로 확보되기에 합리적입니다."
피크,시즌·캠페인 피크 인력 부족,채널운영,소셜 미디어 콘텐츠 업로드 및 운영,3,"당신 회사가 채용공백·고정비 이슈에 고민 중이라면, 소셜 미디어 콘텐츠 업로드 및 운영은 표준화된 프로세스와 도구로 외주화가 쉽기에 비용·운영 리스크를 낮출 수 있습니다."
